Fitness;Mutation;Crossover;Selection;Generations;Alg;Map;MapType;Heuristic;Diagonal;Solution;Time;MaxNodes;PathLength;
FitnessHeuristic;MutateEM;CrossoverPBX;SelectionRouletteWheel;113;Genetic Algorithm;0;Random;Manhattan;Never;Yes;3149;1865;13;
FitnessHeuristic;MutateEM;CrossoverPBX;SelectionRouletteWheel;91;Genetic Algorithm;0;Random;Euclidean;Never;Yes;2315;1208;14;
FitnessHeuristic;MutateEM;CrossoverPBX;SelectionRouletteWheel;97;Genetic Algorithm;0;Random;Octile;Never;Yes;1807;1028;11;
FitnessHeuristic;MutateEM;CrossoverPBX;SelectionRouletteWheel;97;Genetic Algorithm;0;Random;Chebyshev;Never;Yes;2062;1126;7;
FitnessHeuristic;MutateEM;CrossoverPBX;SelectionRouletteWheel;1000;Genetic Algorithm;1;Random;Manhattan;Never;No;16282;2136;-1;
FitnessHeuristic;MutateEM;CrossoverPBX;SelectionRouletteWheel;1000;Genetic Algorithm;1;Random;Euclidean;Never;No;11596;2234;-1;
FitnessHeuristic;MutateEM;CrossoverPBX;SelectionRouletteWheel;1000;Genetic Algorithm;1;Random;Octile;Never;No;8435;1174;-1;
FitnessHeuristic;MutateEM;CrossoverPBX;SelectionRouletteWheel;1000;Genetic Algorithm;1;Random;Chebyshev;Never;No;64376;2938;-1;
FitnessHeuristic;MutateEM;CrossoverPBX;SelectionRouletteWheel;1000;Genetic Algorithm;2;Random;Manhattan;Never;No;6878;1530;-1;
FitnessHeuristic;MutateEM;CrossoverPBX;SelectionRouletteWheel;1000;Genetic Algorithm;2;Random;Euclidean;Never;No;6572;1476;-1;
FitnessHeuristic;MutateEM;CrossoverPBX;SelectionRouletteWheel;664;Genetic Algorithm;2;Random;Octile;Never;Yes;13897;2065;15;
FitnessHeuristic;MutateEM;CrossoverPBX;SelectionRouletteWheel;1000;Genetic Algorithm;2;Random;Chebyshev;Never;No;17831;1265;-1;
FitnessHeuristic;MutateEM;CrossoverPBX;SelectionRouletteWheel;1000;Genetic Algorithm;3;Random;Manhattan;Never;No;10439;1437;-1;
FitnessHeuristic;MutateEM;CrossoverPBX;SelectionRouletteWheel;1000;Genetic Algorithm;3;Random;Euclidean;Never;No;7770;950;-1;
FitnessHeuristic;MutateEM;CrossoverPBX;SelectionRouletteWheel;1000;Genetic Algorithm;3;Random;Octile;Never;No;7675;1025;-1;
FitnessHeuristic;MutateEM;CrossoverPBX;SelectionRouletteWheel;1000;Genetic Algorithm;3;Random;Chebyshev;Never;No;8289;953;-1;
FitnessHeuristic;MutateEM;CrossoverPBX;SelectionRouletteWheel;1000;Genetic Algorithm;4;Random;Manhattan;Never;No;13875;1347;-1;
FitnessHeuristic;MutateEM;CrossoverPBX;SelectionRouletteWheel;1000;Genetic Algorithm;4;Random;Euclidean;Never;No;8674;1061;-1;
FitnessHeuristic;MutateEM;CrossoverPBX;SelectionRouletteWheel;74;Genetic Algorithm;4;Random;Octile;Never;Yes;1133;775;7;
FitnessHeuristic;MutateEM;CrossoverPBX;SelectionRouletteWheel;1000;Genetic Algorithm;4;Random;Chebyshev;Never;No;6821;722;-1;
FitnessHeuristic;MutateEM;CrossoverPBX;SelectionRouletteWheel;144;Genetic Algorithm;5;Random;Manhattan;Never;Yes;4965;2214;26;
FitnessHeuristic;MutateEM;CrossoverPBX;SelectionRouletteWheel;1000;Genetic Algorithm;5;Random;Euclidean;Never;No;6871;1403;-1;
FitnessHeuristic;MutateEM;CrossoverPBX;SelectionRouletteWheel;82;Genetic Algorithm;5;Random;Octile;Never;Yes;3311;1959;20;
FitnessHeuristic;MutateEM;CrossoverPBX;SelectionRouletteWheel;124;Genetic Algorithm;5;Random;Chebyshev;Never;Yes;3054;1212;11;
FitnessHeuristic;MutateEM;CrossoverPBX;SelectionRouletteWheel;1000;Genetic Algorithm;6;Random;Manhattan;Never;No;14250;1549;-1;
FitnessHeuristic;MutateEM;CrossoverPBX;SelectionRouletteWheel;1000;Genetic Algorithm;6;Random;Euclidean;Never;No;102880;4571;-1;
FitnessHeuristic;MutateEM;CrossoverPBX;SelectionRouletteWheel;1000;Genetic Algorithm;6;Random;Octile;Never;No;7081;1301;-1;
FitnessHeuristic;MutateEM;CrossoverPBX;SelectionRouletteWheel;1000;Genetic Algorithm;6;Random;Chebyshev;Never;No;8784;1728;-1;
FitnessHeuristic;MutateEM;CrossoverPBX;SelectionRouletteWheel;1000;Genetic Algorithm;7;Random;Manhattan;Never;No;9597;1100;-1;
FitnessHeuristic;MutateEM;CrossoverPBX;SelectionRouletteWheel;1000;Genetic Algorithm;7;Random;Euclidean;Never;No;7528;965;-1;
FitnessHeuristic;MutateEM;CrossoverPBX;SelectionRouletteWheel;1000;Genetic Algorithm;7;Random;Octile;Never;No;9813;1516;-1;
FitnessHeuristic;MutateEM;CrossoverPBX;SelectionRouletteWheel;1000;Genetic Algorithm;7;Random;Chebyshev;Never;No;8864;1961;-1;
FitnessHeuristic;MutateEM;CrossoverPBX;SelectionRouletteWheel;1000;Genetic Algorithm;8;Random;Manhattan;Never;No;2441;906;-1;
FitnessHeuristic;MutateEM;CrossoverPBX;SelectionRouletteWheel;1000;Genetic Algorithm;8;Random;Euclidean;Never;No;2998;899;-1;
FitnessHeuristic;MutateEM;CrossoverPBX;SelectionRouletteWheel;1000;Genetic Algorithm;8;Random;Octile;Never;No;6894;919;-1;
FitnessHeuristic;MutateEM;CrossoverPBX;SelectionRouletteWheel;1000;Genetic Algorithm;8;Random;Chebyshev;Never;No;2240;893;-1;
FitnessHeuristic;MutateEM;CrossoverPBX;SelectionRouletteWheel;1000;Genetic Algorithm;9;Random;Manhattan;Never;No;5647;867;-1;
FitnessHeuristic;MutateEM;CrossoverPBX;SelectionRouletteWheel;1000;Genetic Algorithm;9;Random;Euclidean;Never;No;5533;835;-1;
FitnessHeuristic;MutateEM;CrossoverPBX;SelectionRouletteWheel;1000;Genetic Algorithm;9;Random;Octile;Never;No;5777;839;-1;
FitnessHeuristic;MutateEM;CrossoverPBX;SelectionRouletteWheel;1000;Genetic Algorithm;9;Random;Chebyshev;Never;No;7915;911;-1;
FitnessHeuristic;MutateEM;CrossoverPBX;SelectionRouletteWheel;94;Genetic Algorithm;10;Random;Manhattan;Never;Yes;2406;1605;11;
FitnessHeuristic;MutateEM;CrossoverPBX;SelectionRouletteWheel;530;Genetic Algorithm;10;Random;Euclidean;Never;Yes;46400;3866;44;
FitnessHeuristic;MutateEM;CrossoverPBX;SelectionRouletteWheel;101;Genetic Algorithm;10;Random;Octile;Never;Yes;2254;1300;12;
FitnessHeuristic;MutateEM;CrossoverPBX;SelectionRouletteWheel;107;Genetic Algorithm;10;Random;Chebyshev;Never;Yes;1917;1006;6;
FitnessHeuristic;MutateEM;CrossoverPBX;SelectionRouletteWheel;1000;Genetic Algorithm;11;Random;Manhattan;Never;No;7849;1491;-1;
FitnessHeuristic;MutateEM;CrossoverPBX;SelectionRouletteWheel;1000;Genetic Algorithm;11;Random;Euclidean;Never;No;61266;2539;-1;
FitnessHeuristic;MutateEM;CrossoverPBX;SelectionRouletteWheel;1000;Genetic Algorithm;11;Random;Octile;Never;No;10786;1384;-1;
FitnessHeuristic;MutateEM;CrossoverPBX;SelectionRouletteWheel;1000;Genetic Algorithm;11;Random;Chebyshev;Never;No;7288;1287;-1;
FitnessHeuristic;MutateEM;CrossoverPBX;SelectionRouletteWheel;1000;Genetic Algorithm;12;Random;Manhattan;Never;No;17566;2851;-1;
FitnessHeuristic;MutateEM;CrossoverPBX;SelectionRouletteWheel;1000;Genetic Algorithm;12;Random;Euclidean;Never;No;1162;673;-1;
FitnessHeuristic;MutateEM;CrossoverPBX;SelectionRouletteWheel;1000;Genetic Algorithm;12;Random;Octile;Never;No;5036;1701;-1;
FitnessHeuristic;MutateEM;CrossoverPBX;SelectionRouletteWheel;1000;Genetic Algorithm;12;Random;Chebyshev;Never;No;4122;1654;-1;
FitnessHeuristic;MutateEM;CrossoverPBX;SelectionRouletteWheel;1000;Genetic Algorithm;13;Random;Manhattan;Never;No;2132;730;-1;
FitnessHeuristic;MutateEM;CrossoverPBX;SelectionRouletteWheel;1000;Genetic Algorithm;13;Random;Euclidean;Never;No;1293;632;-1;
FitnessHeuristic;MutateEM;CrossoverPBX;SelectionRouletteWheel;1000;Genetic Algorithm;13;Random;Octile;Never;No;1283;639;-1;
FitnessHeuristic;MutateEM;CrossoverPBX;SelectionRouletteWheel;1000;Genetic Algorithm;13;Random;Chebyshev;Never;No;1360;620;-1;
FitnessHeuristic;MutateEM;CrossoverPBX;SelectionRouletteWheel;101;Genetic Algorithm;14;Random;Manhattan;Never;Yes;2493;1573;5;
FitnessHeuristic;MutateEM;CrossoverPBX;SelectionRouletteWheel;82;Genetic Algorithm;14;Random;Euclidean;Never;Yes;2789;2037;15;
FitnessHeuristic;MutateEM;CrossoverPBX;SelectionRouletteWheel;94;Genetic Algorithm;14;Random;Octile;Never;Yes;2049;1702;14;
FitnessHeuristic;MutateEM;CrossoverPBX;SelectionRouletteWheel;50;Genetic Algorithm;14;Random;Chebyshev;Never;Yes;1012;1139;8;
FitnessHeuristic;MutateEM;CrossoverPBX;SelectionRouletteWheel;1000;Genetic Algorithm;15;Random;Manhattan;Never;No;22508;1858;-1;
FitnessHeuristic;MutateEM;CrossoverPBX;SelectionRouletteWheel;1000;Genetic Algorithm;15;Random;Euclidean;Never;No;5975;1184;-1;
FitnessHeuristic;MutateEM;CrossoverPBX;SelectionRouletteWheel;172;Genetic Algorithm;15;Random;Octile;Never;Yes;10274;2957;26;
FitnessHeuristic;MutateEM;CrossoverPBX;SelectionRouletteWheel;88;Genetic Algorithm;15;Random;Chebyshev;Never;Yes;2712;2045;18;
FitnessHeuristic;MutateEM;CrossoverPBX;SelectionRouletteWheel;1000;Genetic Algorithm;16;Random;Manhattan;Never;No;6582;660;-1;
FitnessHeuristic;MutateEM;CrossoverPBX;SelectionRouletteWheel;1000;Genetic Algorithm;16;Random;Euclidean;Never;No;28344;1246;-1;
FitnessHeuristic;MutateEM;CrossoverPBX;SelectionRouletteWheel;1000;Genetic Algorithm;16;Random;Octile;Never;No;5803;474;-1;
FitnessHeuristic;MutateEM;CrossoverPBX;SelectionRouletteWheel;1000;Genetic Algorithm;16;Random;Chebyshev;Never;No;28614;1277;-1;
FitnessHeuristic;MutateEM;CrossoverPBX;SelectionRouletteWheel;1000;Genetic Algorithm;17;Random;Manhattan;Never;No;99496;4689;-1;
FitnessHeuristic;MutateEM;CrossoverPBX;SelectionRouletteWheel;1000;Genetic Algorithm;17;Random;Euclidean;Never;No;7661;866;-1;
FitnessHeuristic;MutateEM;CrossoverPBX;SelectionRouletteWheel;1000;Genetic Algorithm;17;Random;Octile;Never;No;6789;1217;-1;
FitnessHeuristic;MutateEM;CrossoverPBX;SelectionRouletteWheel;1000;Genetic Algorithm;17;Random;Chebyshev;Never;No;17574;2164;-1;
FitnessHeuristic;MutateEM;CrossoverPBX;SelectionRouletteWheel;1000;Genetic Algorithm;18;Random;Manhattan;Never;No;9424;847;-1;
FitnessHeuristic;MutateEM;CrossoverPBX;SelectionRouletteWheel;1000;Genetic Algorithm;18;Random;Euclidean;Never;No;11027;2286;-1;
FitnessHeuristic;MutateEM;CrossoverPBX;SelectionRouletteWheel;1000;Genetic Algorithm;18;Random;Octile;Never;No;12759;2839;-1;
FitnessHeuristic;MutateEM;CrossoverPBX;SelectionRouletteWheel;1000;Genetic Algorithm;18;Random;Chebyshev;Never;No;38908;4386;-1;
FitnessHeuristic;MutateEM;CrossoverPBX;SelectionRouletteWheel;190;Genetic Algorithm;19;Random;Manhattan;Never;Yes;10864;3516;42;
FitnessHeuristic;MutateEM;CrossoverPBX;SelectionRouletteWheel;211;Genetic Algorithm;19;Random;Euclidean;Never;Yes;13411;4105;42;
FitnessHeuristic;MutateEM;CrossoverPBX;SelectionRouletteWheel;100;Genetic Algorithm;19;Random;Octile;Never;Yes;2075;1311;12;
FitnessHeuristic;MutateEM;CrossoverPBX;SelectionRouletteWheel;260;Genetic Algorithm;19;Random;Chebyshev;Never;Yes;17549;3748;31;
FitnessHeuristic;MutateEM;CrossoverPBX;SelectionRouletteWheel;1000;Genetic Algorithm;20;Random;Manhattan;Never;No;11865;835;-1;
FitnessHeuristic;MutateEM;CrossoverPBX;SelectionRouletteWheel;1000;Genetic Algorithm;20;Random;Euclidean;Never;No;6280;1070;-1;
FitnessHeuristic;MutateEM;CrossoverPBX;SelectionRouletteWheel;1000;Genetic Algorithm;20;Random;Octile;Never;No;7403;835;-1;
FitnessHeuristic;MutateEM;CrossoverPBX;SelectionRouletteWheel;1000;Genetic Algorithm;20;Random;Chebyshev;Never;No;5677;762;-1;
FitnessHeuristic;MutateEM;CrossoverPBX;SelectionRouletteWheel;1000;Genetic Algorithm;21;Random;Manhattan;Never;No;6976;1210;-1;
FitnessHeuristic;MutateEM;CrossoverPBX;SelectionRouletteWheel;1000;Genetic Algorithm;21;Random;Euclidean;Never;No;9358;2043;-1;
FitnessHeuristic;MutateEM;CrossoverPBX;SelectionRouletteWheel;1000;Genetic Algorithm;21;Random;Octile;Never;No;7598;1728;-1;
FitnessHeuristic;MutateEM;CrossoverPBX;SelectionRouletteWheel;1000;Genetic Algorithm;21;Random;Chebyshev;Never;No;7025;1127;-1;
FitnessHeuristic;MutateEM;CrossoverPBX;SelectionRouletteWheel;1000;Genetic Algorithm;22;Random;Manhattan;Never;No;3147;1011;-1;
FitnessHeuristic;MutateEM;CrossoverPBX;SelectionRouletteWheel;1000;Genetic Algorithm;22;Random;Euclidean;Never;No;1252;629;-1;
FitnessHeuristic;MutateEM;CrossoverPBX;SelectionRouletteWheel;1000;Genetic Algorithm;22;Random;Octile;Never;No;1310;638;-1;
FitnessHeuristic;MutateEM;CrossoverPBX;SelectionRouletteWheel;1000;Genetic Algorithm;22;Random;Chebyshev;Never;No;1904;984;-1;
FitnessHeuristic;MutateEM;CrossoverPBX;SelectionRouletteWheel;1000;Genetic Algorithm;23;Random;Manhattan;Never;No;5809;1072;-1;
FitnessHeuristic;MutateEM;CrossoverPBX;SelectionRouletteWheel;1000;Genetic Algorithm;23;Random;Euclidean;Never;No;5782;801;-1;
FitnessHeuristic;MutateEM;CrossoverPBX;SelectionRouletteWheel;1000;Genetic Algorithm;23;Random;Octile;Never;No;8435;2299;-1;
FitnessHeuristic;MutateEM;CrossoverPBX;SelectionRouletteWheel;1000;Genetic Algorithm;23;Random;Chebyshev;Never;No;6224;996;-1;
FitnessHeuristic;MutateEM;CrossoverPBX;SelectionRouletteWheel;1000;Genetic Algorithm;24;Random;Manhattan;Never;No;1976;1418;-1;
FitnessHeuristic;MutateEM;CrossoverPBX;SelectionRouletteWheel;1000;Genetic Algorithm;24;Random;Euclidean;Never;No;1413;807;-1;
FitnessHeuristic;MutateEM;CrossoverPBX;SelectionRouletteWheel;1000;Genetic Algorithm;24;Random;Octile;Never;No;1407;806;-1;
FitnessHeuristic;MutateEM;CrossoverPBX;SelectionRouletteWheel;1000;Genetic Algorithm;24;Random;Chebyshev;Never;No;1764;1497;-1;
FitnessHeuristic;MutateEM;CrossoverPBX;SelectionRouletteWheel;1000;Genetic Algorithm;25;Random;Manhattan;Never;No;6121;844;-1;
FitnessHeuristic;MutateEM;CrossoverPBX;SelectionRouletteWheel;1000;Genetic Algorithm;25;Random;Euclidean;Never;No;6354;775;-1;
FitnessHeuristic;MutateEM;CrossoverPBX;SelectionRouletteWheel;1000;Genetic Algorithm;25;Random;Octile;Never;No;10563;2751;-1;
FitnessHeuristic;MutateEM;CrossoverPBX;SelectionRouletteWheel;1000;Genetic Algorithm;25;Random;Chebyshev;Never;No;9209;1938;-1;
FitnessHeuristic;MutateEM;CrossoverPBX;SelectionRouletteWheel;1000;Genetic Algorithm;26;Random;Manhattan;Never;No;6676;1688;-1;
FitnessHeuristic;MutateEM;CrossoverPBX;SelectionRouletteWheel;1000;Genetic Algorithm;26;Random;Euclidean;Never;No;7623;1246;-1;
FitnessHeuristic;MutateEM;CrossoverPBX;SelectionRouletteWheel;1000;Genetic Algorithm;26;Random;Octile;Never;No;6613;1132;-1;
FitnessHeuristic;MutateEM;CrossoverPBX;SelectionRouletteWheel;1000;Genetic Algorithm;26;Random;Chebyshev;Never;No;7338;1639;-1;
FitnessHeuristic;MutateEM;CrossoverPBX;SelectionRouletteWheel;65;Genetic Algorithm;27;Random;Manhattan;Never;Yes;2269;1833;16;
FitnessHeuristic;MutateEM;CrossoverPBX;SelectionRouletteWheel;46;Genetic Algorithm;27;Random;Euclidean;Never;Yes;1836;2053;20;
FitnessHeuristic;MutateEM;CrossoverPBX;SelectionRouletteWheel;65;Genetic Algorithm;27;Random;Octile;Never;Yes;2059;1891;12;
FitnessHeuristic;MutateEM;CrossoverPBX;SelectionRouletteWheel;76;Genetic Algorithm;27;Random;Chebyshev;Never;Yes;3480;2126;26;
FitnessHeuristic;MutateEM;CrossoverPBX;SelectionRouletteWheel;1000;Genetic Algorithm;28;Random;Manhattan;Never;No;2104;1348;-1;
FitnessHeuristic;MutateEM;CrossoverPBX;SelectionRouletteWheel;1000;Genetic Algorithm;28;Random;Euclidean;Never;No;4239;2124;-1;
FitnessHeuristic;MutateEM;CrossoverPBX;SelectionRouletteWheel;1000;Genetic Algorithm;28;Random;Octile;Never;No;1420;887;-1;
FitnessHeuristic;MutateEM;CrossoverPBX;SelectionRouletteWheel;1000;Genetic Algorithm;28;Random;Chebyshev;Never;No;1675;897;-1;
FitnessHeuristic;MutateEM;CrossoverPBX;SelectionRouletteWheel;1000;Genetic Algorithm;29;Random;Manhattan;Never;No;1696;619;-1;
FitnessHeuristic;MutateEM;CrossoverPBX;SelectionRouletteWheel;1000;Genetic Algorithm;29;Random;Euclidean;Never;No;5809;844;-1;
FitnessHeuristic;MutateEM;CrossoverPBX;SelectionRouletteWheel;1000;Genetic Algorithm;29;Random;Octile;Never;No;1519;695;-1;
FitnessHeuristic;MutateEM;CrossoverPBX;SelectionRouletteWheel;1000;Genetic Algorithm;29;Random;Chebyshev;Never;No;1304;676;-1;
FitnessHeuristic;MutateEM;CrossoverPBX;SelectionRouletteWheel;169;Genetic Algorithm;30;Random;Manhattan;Never;Yes;7041;2482;18;
FitnessHeuristic;MutateEM;CrossoverPBX;SelectionRouletteWheel;245;Genetic Algorithm;30;Random;Euclidean;Never;Yes;15549;3974;42;
FitnessHeuristic;MutateEM;CrossoverPBX;SelectionRouletteWheel;451;Genetic Algorithm;30;Random;Octile;Never;Yes;37395;3739;39;
FitnessHeuristic;MutateEM;CrossoverPBX;SelectionRouletteWheel;129;Genetic Algorithm;30;Random;Chebyshev;Never;Yes;3157;1382;14;
FitnessHeuristic;MutateEM;CrossoverPBX;SelectionRouletteWheel;1000;Genetic Algorithm;31;Random;Manhattan;Never;No;1445;630;-1;
FitnessHeuristic;MutateEM;CrossoverPBX;SelectionRouletteWheel;1000;Genetic Algorithm;31;Random;Euclidean;Never;No;1324;574;-1;
FitnessHeuristic;MutateEM;CrossoverPBX;SelectionRouletteWheel;1000;Genetic Algorithm;31;Random;Octile;Never;No;1348;689;-1;
FitnessHeuristic;MutateEM;CrossoverPBX;SelectionRouletteWheel;1000;Genetic Algorithm;31;Random;Chebyshev;Never;No;31257;4284;-1;
FitnessHeuristic;MutateEM;CrossoverPBX;SelectionRouletteWheel;29;Genetic Algorithm;32;Random;Manhattan;Never;Yes;431;745;10;
FitnessHeuristic;MutateEM;CrossoverPBX;SelectionRouletteWheel;60;Genetic Algorithm;32;Random;Euclidean;Never;Yes;1139;1091;13;
FitnessHeuristic;MutateEM;CrossoverPBX;SelectionRouletteWheel;11;Genetic Algorithm;32;Random;Octile;Never;Yes;246;1450;18;
FitnessHeuristic;MutateEM;CrossoverPBX;SelectionRouletteWheel;62;Genetic Algorithm;32;Random;Chebyshev;Never;Yes;1172;877;10;
FitnessHeuristic;MutateEM;CrossoverPBX;SelectionRouletteWheel;1000;Genetic Algorithm;33;Random;Manhattan;Never;No;53541;4297;-1;
FitnessHeuristic;MutateEM;CrossoverPBX;SelectionRouletteWheel;1000;Genetic Algorithm;33;Random;Euclidean;Never;No;5079;2158;-1;
FitnessHeuristic;MutateEM;CrossoverPBX;SelectionRouletteWheel;1000;Genetic Algorithm;33;Random;Octile;Never;No;8199;1686;-1;
FitnessHeuristic;MutateEM;CrossoverPBX;SelectionRouletteWheel;1000;Genetic Algorithm;33;Random;Chebyshev;Never;No;3801;1516;-1;
FitnessHeuristic;MutateEM;CrossoverPBX;SelectionRouletteWheel;1000;Genetic Algorithm;34;Random;Manhattan;Never;No;1436;646;-1;
FitnessHeuristic;MutateEM;CrossoverPBX;SelectionRouletteWheel;1000;Genetic Algorithm;34;Random;Euclidean;Never;No;1845;814;-1;
FitnessHeuristic;MutateEM;CrossoverPBX;SelectionRouletteWheel;1000;Genetic Algorithm;34;Random;Octile;Never;No;1337;657;-1;
FitnessHeuristic;MutateEM;CrossoverPBX;SelectionRouletteWheel;1000;Genetic Algorithm;34;Random;Chebyshev;Never;No;1430;609;-1;
FitnessHeuristic;MutateEM;CrossoverPBX;SelectionRouletteWheel;1000;Genetic Algorithm;35;Random;Manhattan;Never;No;22154;3574;-1;
FitnessHeuristic;MutateEM;CrossoverPBX;SelectionRouletteWheel;1000;Genetic Algorithm;35;Random;Euclidean;Never;No;4699;380;-1;
FitnessHeuristic;MutateEM;CrossoverPBX;SelectionRouletteWheel;1000;Genetic Algorithm;35;Random;Octile;Never;No;7312;1835;-1;
FitnessHeuristic;MutateEM;CrossoverPBX;SelectionRouletteWheel;1000;Genetic Algorithm;35;Random;Chebyshev;Never;No;4679;419;-1;
FitnessHeuristic;MutateEM;CrossoverPBX;SelectionRouletteWheel;1000;Genetic Algorithm;36;Random;Manhattan;Never;No;6982;1184;-1;
FitnessHeuristic;MutateEM;CrossoverPBX;SelectionRouletteWheel;1000;Genetic Algorithm;36;Random;Euclidean;Never;No;6193;1009;-1;
FitnessHeuristic;MutateEM;CrossoverPBX;SelectionRouletteWheel;1000;Genetic Algorithm;36;Random;Octile;Never;No;6738;1394;-1;
FitnessHeuristic;MutateEM;CrossoverPBX;SelectionRouletteWheel;1000;Genetic Algorithm;36;Random;Chebyshev;Never;No;6614;978;-1;
FitnessHeuristic;MutateEM;CrossoverPBX;SelectionRouletteWheel;1000;Genetic Algorithm;37;Random;Manhattan;Never;No;5371;582;-1;
FitnessHeuristic;MutateEM;CrossoverPBX;SelectionRouletteWheel;1000;Genetic Algorithm;37;Random;Euclidean;Never;No;18899;2527;-1;
FitnessHeuristic;MutateEM;CrossoverPBX;SelectionRouletteWheel;308;Genetic Algorithm;37;Random;Octile;Never;Yes;9835;2311;21;
FitnessHeuristic;MutateEM;CrossoverPBX;SelectionRouletteWheel;1000;Genetic Algorithm;37;Random;Chebyshev;Never;No;52970;2736;-1;
FitnessHeuristic;MutateEM;CrossoverPBX;SelectionRouletteWheel;323;Genetic Algorithm;38;Random;Manhattan;Never;Yes;12724;3230;32;
FitnessHeuristic;MutateEM;CrossoverPBX;SelectionRouletteWheel;1000;Genetic Algorithm;38;Random;Euclidean;Never;No;65763;2938;-1;
FitnessHeuristic;MutateEM;CrossoverPBX;SelectionRouletteWheel;1000;Genetic Algorithm;38;Random;Octile;Never;No;12544;1682;-1;
FitnessHeuristic;MutateEM;CrossoverPBX;SelectionRouletteWheel;1000;Genetic Algorithm;38;Random;Chebyshev;Never;No;82615;5042;-1;
FitnessHeuristic;MutateEM;CrossoverPBX;SelectionRouletteWheel;1000;Genetic Algorithm;39;Random;Manhattan;Never;No;13748;2041;-1;
FitnessHeuristic;MutateEM;CrossoverPBX;SelectionRouletteWheel;1000;Genetic Algorithm;39;Random;Euclidean;Never;No;1371;501;-1;
FitnessHeuristic;MutateEM;CrossoverPBX;SelectionRouletteWheel;1000;Genetic Algorithm;39;Random;Octile;Never;No;3079;529;-1;
FitnessHeuristic;MutateEM;CrossoverPBX;SelectionRouletteWheel;1000;Genetic Algorithm;39;Random;Chebyshev;Never;No;12798;2497;-1;
FitnessHeuristic;MutateEM;CrossoverPBX;SelectionRouletteWheel;1000;Genetic Algorithm;40;Random;Manhattan;Never;No;7135;1083;-1;
FitnessHeuristic;MutateEM;CrossoverPBX;SelectionRouletteWheel;1000;Genetic Algorithm;40;Random;Euclidean;Never;No;21043;1538;-1;
FitnessHeuristic;MutateEM;CrossoverPBX;SelectionRouletteWheel;1000;Genetic Algorithm;40;Random;Octile;Never;No;7591;1611;-1;
FitnessHeuristic;MutateEM;CrossoverPBX;SelectionRouletteWheel;1000;Genetic Algorithm;40;Random;Chebyshev;Never;No;35976;1939;-1;
FitnessHeuristic;MutateEM;CrossoverPBX;SelectionRouletteWheel;1000;Genetic Algorithm;41;Random;Manhattan;Never;No;13677;2517;-1;
FitnessHeuristic;MutateEM;CrossoverPBX;SelectionRouletteWheel;1000;Genetic Algorithm;41;Random;Euclidean;Never;No;12215;2382;-1;
FitnessHeuristic;MutateEM;CrossoverPBX;SelectionRouletteWheel;1000;Genetic Algorithm;41;Random;Octile;Never;No;12816;1787;-1;
FitnessHeuristic;MutateEM;CrossoverPBX;SelectionRouletteWheel;1000;Genetic Algorithm;41;Random;Chebyshev;Never;No;13805;1085;-1;
FitnessHeuristic;MutateEM;CrossoverPBX;SelectionRouletteWheel;1000;Genetic Algorithm;42;Random;Manhattan;Never;No;1325;568;-1;
FitnessHeuristic;MutateEM;CrossoverPBX;SelectionRouletteWheel;1000;Genetic Algorithm;42;Random;Euclidean;Never;No;5836;578;-1;
FitnessHeuristic;MutateEM;CrossoverPBX;SelectionRouletteWheel;1000;Genetic Algorithm;42;Random;Octile;Never;No;5975;544;-1;
FitnessHeuristic;MutateEM;CrossoverPBX;SelectionRouletteWheel;1000;Genetic Algorithm;42;Random;Chebyshev;Never;No;5246;618;-1;
FitnessHeuristic;MutateEM;CrossoverPBX;SelectionRouletteWheel;138;Genetic Algorithm;43;Random;Manhattan;Never;Yes;5601;2462;24;
FitnessHeuristic;MutateEM;CrossoverPBX;SelectionRouletteWheel;61;Genetic Algorithm;43;Random;Euclidean;Never;Yes;1373;1039;10;
FitnessHeuristic;MutateEM;CrossoverPBX;SelectionRouletteWheel;1000;Genetic Algorithm;43;Random;Octile;Never;No;7710;1415;-1;
FitnessHeuristic;MutateEM;CrossoverPBX;SelectionRouletteWheel;72;Genetic Algorithm;43;Random;Chebyshev;Never;Yes;1604;1061;13;
FitnessHeuristic;MutateEM;CrossoverPBX;SelectionRouletteWheel;724;Genetic Algorithm;44;Random;Manhattan;Never;Yes;34233;2537;24;
FitnessHeuristic;MutateEM;CrossoverPBX;SelectionRouletteWheel;1000;Genetic Algorithm;44;Random;Euclidean;Never;No;14935;2430;-1;
FitnessHeuristic;MutateEM;CrossoverPBX;SelectionRouletteWheel;1000;Genetic Algorithm;44;Random;Octile;Never;No;73890;4002;-1;
FitnessHeuristic;MutateEM;CrossoverPBX;SelectionRouletteWheel;1000;Genetic Algorithm;44;Random;Chebyshev;Never;No;12252;1838;-1;
FitnessHeuristic;MutateEM;CrossoverPBX;SelectionRouletteWheel;108;Genetic Algorithm;45;Random;Manhattan;Never;Yes;2931;1674;11;
FitnessHeuristic;MutateEM;CrossoverPBX;SelectionRouletteWheel;136;Genetic Algorithm;45;Random;Euclidean;Never;Yes;4012;1741;16;
FitnessHeuristic;MutateEM;CrossoverPBX;SelectionRouletteWheel;181;Genetic Algorithm;45;Random;Octile;Never;Yes;6879;2477;24;
FitnessHeuristic;MutateEM;CrossoverPBX;SelectionRouletteWheel;114;Genetic Algorithm;45;Random;Chebyshev;Never;Yes;3910;2483;29;
FitnessHeuristic;MutateEM;CrossoverPBX;SelectionRouletteWheel;1000;Genetic Algorithm;46;Random;Manhattan;Never;No;74256;3291;-1;
FitnessHeuristic;MutateEM;CrossoverPBX;SelectionRouletteWheel;1000;Genetic Algorithm;46;Random;Euclidean;Never;No;6050;682;-1;
FitnessHeuristic;MutateEM;CrossoverPBX;SelectionRouletteWheel;1000;Genetic Algorithm;46;Random;Octile;Never;No;12800;1663;-1;
FitnessHeuristic;MutateEM;CrossoverPBX;SelectionRouletteWheel;1000;Genetic Algorithm;46;Random;Chebyshev;Never;No;6478;664;-1;
FitnessHeuristic;MutateEM;CrossoverPBX;SelectionRouletteWheel;1000;Genetic Algorithm;47;Random;Manhattan;Never;No;5269;405;-1;
FitnessHeuristic;MutateEM;CrossoverPBX;SelectionRouletteWheel;1000;Genetic Algorithm;47;Random;Euclidean;Never;No;10263;2031;-1;
FitnessHeuristic;MutateEM;CrossoverPBX;SelectionRouletteWheel;1000;Genetic Algorithm;47;Random;Octile;Never;No;1304;565;-1;
FitnessHeuristic;MutateEM;CrossoverPBX;SelectionRouletteWheel;1000;Genetic Algorithm;47;Random;Chebyshev;Never;No;1369;363;-1;
FitnessHeuristic;MutateEM;CrossoverPBX;SelectionRouletteWheel;1000;Genetic Algorithm;48;Random;Manhattan;Never;No;8516;1271;-1;
FitnessHeuristic;MutateEM;CrossoverPBX;SelectionRouletteWheel;1000;Genetic Algorithm;48;Random;Euclidean;Never;No;10611;1738;-1;
FitnessHeuristic;MutateEM;CrossoverPBX;SelectionRouletteWheel;168;Genetic Algorithm;48;Random;Octile;Never;Yes;6298;2778;30;
FitnessHeuristic;MutateEM;CrossoverPBX;SelectionRouletteWheel;131;Genetic Algorithm;48;Random;Chebyshev;Never;Yes;2544;1083;10;
FitnessHeuristic;MutateEM;CrossoverPBX;SelectionRouletteWheel;37;Genetic Algorithm;49;Random;Manhattan;Never;Yes;1151;1580;19;
FitnessHeuristic;MutateEM;CrossoverPBX;SelectionRouletteWheel;40;Genetic Algorithm;49;Random;Euclidean;Never;Yes;1390;1650;19;
FitnessHeuristic;MutateEM;CrossoverPBX;SelectionRouletteWheel;38;Genetic Algorithm;49;Random;Octile;Never;Yes;1111;1262;15;
FitnessHeuristic;MutateEM;CrossoverPBX;SelectionRouletteWheel;21;Genetic Algorithm;49;Random;Chebyshev;Never;Yes;648;1389;17;
FitnessHeuristic;MutateEM;CrossoverPBX;SelectionRouletteWheel;1000;Genetic Algorithm;50;Random;Manhattan;Never;No;7921;2025;-1;
FitnessHeuristic;MutateEM;CrossoverPBX;SelectionRouletteWheel;1000;Genetic Algorithm;50;Random;Euclidean;Never;No;8121;1062;-1;
FitnessHeuristic;MutateEM;CrossoverPBX;SelectionRouletteWheel;266;Genetic Algorithm;50;Random;Octile;Never;Yes;7634;2139;14;
FitnessHeuristic;MutateEM;CrossoverPBX;SelectionRouletteWheel;126;Genetic Algorithm;50;Random;Chebyshev;Never;Yes;2765;1074;13;
FitnessHeuristic;MutateEM;CrossoverPBX;SelectionRouletteWheel;296;Genetic Algorithm;51;Random;Manhattan;Never;Yes;6586;2062;15;
FitnessHeuristic;MutateEM;CrossoverPBX;SelectionRouletteWheel;1000;Genetic Algorithm;51;Random;Euclidean;Never;No;19643;2435;-1;
FitnessHeuristic;MutateEM;CrossoverPBX;SelectionRouletteWheel;1000;Genetic Algorithm;51;Random;Octile;Never;No;17667;1148;-1;
FitnessHeuristic;MutateEM;CrossoverPBX;SelectionRouletteWheel;1000;Genetic Algorithm;51;Random;Chebyshev;Never;No;6750;1023;-1;
FitnessHeuristic;MutateEM;CrossoverPBX;SelectionRouletteWheel;1000;Genetic Algorithm;52;Random;Manhattan;Never;No;19866;862;-1;
FitnessHeuristic;MutateEM;CrossoverPBX;SelectionRouletteWheel;1000;Genetic Algorithm;52;Random;Euclidean;Never;No;10470;1333;-1;
FitnessHeuristic;MutateEM;CrossoverPBX;SelectionRouletteWheel;1000;Genetic Algorithm;52;Random;Octile;Never;No;14496;2120;-1;
FitnessHeuristic;MutateEM;CrossoverPBX;SelectionRouletteWheel;1000;Genetic Algorithm;52;Random;Chebyshev;Never;No;8244;762;-1;
FitnessHeuristic;MutateEM;CrossoverPBX;SelectionRouletteWheel;1000;Genetic Algorithm;53;Random;Manhattan;Never;No;6348;536;-1;
FitnessHeuristic;MutateEM;CrossoverPBX;SelectionRouletteWheel;1000;Genetic Algorithm;53;Random;Euclidean;Never;No;5293;576;-1;
FitnessHeuristic;MutateEM;CrossoverPBX;SelectionRouletteWheel;1000;Genetic Algorithm;53;Random;Octile;Never;No;5355;597;-1;
FitnessHeuristic;MutateEM;CrossoverPBX;SelectionRouletteWheel;1000;Genetic Algorithm;53;Random;Chebyshev;Never;No;5303;549;-1;
FitnessHeuristic;MutateEM;CrossoverPBX;SelectionRouletteWheel;116;Genetic Algorithm;54;Random;Manhattan;Never;Yes;2759;1508;12;
FitnessHeuristic;MutateEM;CrossoverPBX;SelectionRouletteWheel;117;Genetic Algorithm;54;Random;Euclidean;Never;Yes;2401;1100;7;
FitnessHeuristic;MutateEM;CrossoverPBX;SelectionRouletteWheel;1000;Genetic Algorithm;54;Random;Octile;Never;No;13174;1958;-1;
FitnessHeuristic;MutateEM;CrossoverPBX;SelectionRouletteWheel;1000;Genetic Algorithm;54;Random;Chebyshev;Never;No;9204;1748;-1;
FitnessHeuristic;MutateEM;CrossoverPBX;SelectionRouletteWheel;1000;Genetic Algorithm;55;Random;Manhattan;Never;No;5038;670;-1;
FitnessHeuristic;MutateEM;CrossoverPBX;SelectionRouletteWheel;1000;Genetic Algorithm;55;Random;Euclidean;Never;No;4860;596;-1;
FitnessHeuristic;MutateEM;CrossoverPBX;SelectionRouletteWheel;1000;Genetic Algorithm;55;Random;Octile;Never;No;5215;780;-1;
FitnessHeuristic;MutateEM;CrossoverPBX;SelectionRouletteWheel;1000;Genetic Algorithm;55;Random;Chebyshev;Never;No;9270;836;-1;
FitnessHeuristic;MutateEM;CrossoverPBX;SelectionRouletteWheel;1000;Genetic Algorithm;56;Random;Manhattan;Never;No;19398;2358;-1;
FitnessHeuristic;MutateEM;CrossoverPBX;SelectionRouletteWheel;1000;Genetic Algorithm;56;Random;Euclidean;Never;No;59966;2654;-1;
FitnessHeuristic;MutateEM;CrossoverPBX;SelectionRouletteWheel;1000;Genetic Algorithm;56;Random;Octile;Never;No;26654;1986;-1;
FitnessHeuristic;MutateEM;CrossoverPBX;SelectionRouletteWheel;1000;Genetic Algorithm;56;Random;Chebyshev;Never;No;32181;2465;-1;
FitnessHeuristic;MutateEM;CrossoverPBX;SelectionRouletteWheel;1000;Genetic Algorithm;57;Random;Manhattan;Never;No;9705;926;-1;
FitnessHeuristic;MutateEM;CrossoverPBX;SelectionRouletteWheel;322;Genetic Algorithm;57;Random;Euclidean;Never;Yes;9698;2206;18;
FitnessHeuristic;MutateEM;CrossoverPBX;SelectionRouletteWheel;292;Genetic Algorithm;57;Random;Octile;Never;Yes;6536;1683;18;
FitnessHeuristic;MutateEM;CrossoverPBX;SelectionRouletteWheel;1000;Genetic Algorithm;57;Random;Chebyshev;Never;No;64733;3037;-1;
FitnessHeuristic;MutateEM;CrossoverPBX;SelectionRouletteWheel;1000;Genetic Algorithm;58;Random;Manhattan;Never;No;7220;769;-1;
FitnessHeuristic;MutateEM;CrossoverPBX;SelectionRouletteWheel;1000;Genetic Algorithm;58;Random;Euclidean;Never;No;29645;2347;-1;
FitnessHeuristic;MutateEM;CrossoverPBX;SelectionRouletteWheel;1000;Genetic Algorithm;58;Random;Octile;Never;No;8319;1692;-1;
FitnessHeuristic;MutateEM;CrossoverPBX;SelectionRouletteWheel;1000;Genetic Algorithm;58;Random;Chebyshev;Never;No;44681;3065;-1;
FitnessHeuristic;MutateEM;CrossoverPBX;SelectionRouletteWheel;1000;Genetic Algorithm;59;Random;Manhattan;Never;No;7340;836;-1;
FitnessHeuristic;MutateEM;CrossoverPBX;SelectionRouletteWheel;1000;Genetic Algorithm;59;Random;Euclidean;Never;No;9239;879;-1;
FitnessHeuristic;MutateEM;CrossoverPBX;SelectionRouletteWheel;1000;Genetic Algorithm;59;Random;Octile;Never;No;8832;722;-1;
FitnessHeuristic;MutateEM;CrossoverPBX;SelectionRouletteWheel;1000;Genetic Algorithm;59;Random;Chebyshev;Never;No;26925;1142;-1;
FitnessHeuristic;MutateEM;CrossoverPBX;SelectionRouletteWheel;165;Genetic Algorithm;60;Random;Manhattan;Never;Yes;6497;1922;19;
FitnessHeuristic;MutateEM;CrossoverPBX;SelectionRouletteWheel;1000;Genetic Algorithm;60;Random;Euclidean;Never;No;12117;1426;-1;
FitnessHeuristic;MutateEM;CrossoverPBX;SelectionRouletteWheel;1000;Genetic Algorithm;60;Random;Octile;Never;No;8057;1226;-1;
FitnessHeuristic;MutateEM;CrossoverPBX;SelectionRouletteWheel;1000;Genetic Algorithm;60;Random;Chebyshev;Never;No;7988;1111;-1;
FitnessHeuristic;MutateEM;CrossoverPBX;SelectionRouletteWheel;1000;Genetic Algorithm;61;Random;Manhattan;Never;No;9040;1679;-1;
FitnessHeuristic;MutateEM;CrossoverPBX;SelectionRouletteWheel;1000;Genetic Algorithm;61;Random;Euclidean;Never;No;5782;1023;-1;
FitnessHeuristic;MutateEM;CrossoverPBX;SelectionRouletteWheel;1000;Genetic Algorithm;61;Random;Octile;Never;No;31305;2245;-1;
FitnessHeuristic;MutateEM;CrossoverPBX;SelectionRouletteWheel;1000;Genetic Algorithm;61;Random;Chebyshev;Never;No;6461;1833;-1;
FitnessHeuristic;MutateEM;CrossoverPBX;SelectionRouletteWheel;1000;Genetic Algorithm;62;Random;Manhattan;Never;No;11388;1053;-1;
FitnessHeuristic;MutateEM;CrossoverPBX;SelectionRouletteWheel;313;Genetic Algorithm;62;Random;Euclidean;Never;Yes;21672;4321;38;
FitnessHeuristic;MutateEM;CrossoverPBX;SelectionRouletteWheel;1000;Genetic Algorithm;62;Random;Octile;Never;No;11165;1663;-1;
FitnessHeuristic;MutateEM;CrossoverPBX;SelectionRouletteWheel;1000;Genetic Algorithm;62;Random;Chebyshev;Never;No;6889;1109;-1;
FitnessHeuristic;MutateEM;CrossoverPBX;SelectionRouletteWheel;1000;Genetic Algorithm;63;Random;Manhattan;Never;No;5686;714;-1;
FitnessHeuristic;MutateEM;CrossoverPBX;SelectionRouletteWheel;1000;Genetic Algorithm;63;Random;Euclidean;Never;No;44479;3138;-1;
FitnessHeuristic;MutateEM;CrossoverPBX;SelectionRouletteWheel;608;Genetic Algorithm;63;Random;Octile;Never;Yes;36209;3023;32;
FitnessHeuristic;MutateEM;CrossoverPBX;SelectionRouletteWheel;1000;Genetic Algorithm;63;Random;Chebyshev;Never;No;19484;1628;-1;
FitnessHeuristic;MutateEM;CrossoverPBX;SelectionRouletteWheel;40;Genetic Algorithm;64;Random;Manhattan;Never;Yes;775;959;7;
FitnessHeuristic;MutateEM;CrossoverPBX;SelectionRouletteWheel;46;Genetic Algorithm;64;Random;Euclidean;Never;Yes;1605;2204;26;
FitnessHeuristic;MutateEM;CrossoverPBX;SelectionRouletteWheel;48;Genetic Algorithm;64;Random;Octile;Never;Yes;1008;1273;7;
FitnessHeuristic;MutateEM;CrossoverPBX;SelectionRouletteWheel;65;Genetic Algorithm;64;Random;Chebyshev;Never;Yes;1403;1218;15;
FitnessHeuristic;MutateEM;CrossoverPBX;SelectionRouletteWheel;1000;Genetic Algorithm;65;Random;Manhattan;Never;No;61641;2736;-1;
FitnessHeuristic;MutateEM;CrossoverPBX;SelectionRouletteWheel;1000;Genetic Algorithm;65;Random;Euclidean;Never;No;7834;1449;-1;
FitnessHeuristic;MutateEM;CrossoverPBX;SelectionRouletteWheel;1000;Genetic Algorithm;65;Random;Octile;Never;No;18483;2094;-1;
FitnessHeuristic;MutateEM;CrossoverPBX;SelectionRouletteWheel;1000;Genetic Algorithm;65;Random;Chebyshev;Never;No;8376;1286;-1;
FitnessHeuristic;MutateEM;CrossoverPBX;SelectionRouletteWheel;1000;Genetic Algorithm;66;Random;Manhattan;Never;No;14414;1776;-1;
FitnessHeuristic;MutateEM;CrossoverPBX;SelectionRouletteWheel;143;Genetic Algorithm;66;Random;Euclidean;Never;Yes;6042;3090;33;
FitnessHeuristic;MutateEM;CrossoverPBX;SelectionRouletteWheel;1000;Genetic Algorithm;66;Random;Octile;Never;No;6996;1423;-1;
FitnessHeuristic;MutateEM;CrossoverPBX;SelectionRouletteWheel;157;Genetic Algorithm;66;Random;Chebyshev;Never;Yes;3872;1261;9;
FitnessHeuristic;MutateEM;CrossoverPBX;SelectionRouletteWheel;1000;Genetic Algorithm;67;Random;Manhattan;Never;No;56096;3438;-1;
FitnessHeuristic;MutateEM;CrossoverPBX;SelectionRouletteWheel;1000;Genetic Algorithm;67;Random;Euclidean;Never;No;1300;639;-1;
FitnessHeuristic;MutateEM;CrossoverPBX;SelectionRouletteWheel;1000;Genetic Algorithm;67;Random;Octile;Never;No;10941;2423;-1;
FitnessHeuristic;MutateEM;CrossoverPBX;SelectionRouletteWheel;1000;Genetic Algorithm;67;Random;Chebyshev;Never;No;8184;1666;-1;
FitnessHeuristic;MutateEM;CrossoverPBX;SelectionRouletteWheel;148;Genetic Algorithm;68;Random;Manhattan;Never;Yes;6940;2908;32;
FitnessHeuristic;MutateEM;CrossoverPBX;SelectionRouletteWheel;57;Genetic Algorithm;68;Random;Euclidean;Never;Yes;1588;1602;10;
FitnessHeuristic;MutateEM;CrossoverPBX;SelectionRouletteWheel;1000;Genetic Algorithm;68;Random;Octile;Never;No;7542;1190;-1;
FitnessHeuristic;MutateEM;CrossoverPBX;SelectionRouletteWheel;1000;Genetic Algorithm;68;Random;Chebyshev;Never;No;8536;1697;-1;
FitnessHeuristic;MutateEM;CrossoverPBX;SelectionRouletteWheel;1000;Genetic Algorithm;69;Random;Manhattan;Never;No;9576;2545;-1;
FitnessHeuristic;MutateEM;CrossoverPBX;SelectionRouletteWheel;1000;Genetic Algorithm;69;Random;Euclidean;Never;No;12130;1529;-1;
FitnessHeuristic;MutateEM;CrossoverPBX;SelectionRouletteWheel;1000;Genetic Algorithm;69;Random;Octile;Never;No;68658;4931;-1;
FitnessHeuristic;MutateEM;CrossoverPBX;SelectionRouletteWheel;1000;Genetic Algorithm;69;Random;Chebyshev;Never;No;43508;3386;-1;
FitnessHeuristic;MutateEM;CrossoverPBX;SelectionRouletteWheel;1000;Genetic Algorithm;70;Random;Manhattan;Never;No;1820;1303;-1;
FitnessHeuristic;MutateEM;CrossoverPBX;SelectionRouletteWheel;1000;Genetic Algorithm;70;Random;Euclidean;Never;No;2480;1362;-1;
FitnessHeuristic;MutateEM;CrossoverPBX;SelectionRouletteWheel;1000;Genetic Algorithm;70;Random;Octile;Never;No;2059;1353;-1;
FitnessHeuristic;MutateEM;CrossoverPBX;SelectionRouletteWheel;1000;Genetic Algorithm;70;Random;Chebyshev;Never;No;1481;940;-1;
FitnessHeuristic;MutateEM;CrossoverPBX;SelectionRouletteWheel;1000;Genetic Algorithm;71;Random;Manhattan;Never;No;7025;999;-1;
FitnessHeuristic;MutateEM;CrossoverPBX;SelectionRouletteWheel;1000;Genetic Algorithm;71;Random;Euclidean;Never;No;9133;1771;-1;
FitnessHeuristic;MutateEM;CrossoverPBX;SelectionRouletteWheel;1000;Genetic Algorithm;71;Random;Octile;Never;No;40648;1860;-1;
FitnessHeuristic;MutateEM;CrossoverPBX;SelectionRouletteWheel;1000;Genetic Algorithm;71;Random;Chebyshev;Never;No;8847;1988;-1;
FitnessHeuristic;MutateEM;CrossoverPBX;SelectionRouletteWheel;1000;Genetic Algorithm;72;Random;Manhattan;Never;No;9466;1800;-1;
FitnessHeuristic;MutateEM;CrossoverPBX;SelectionRouletteWheel;1000;Genetic Algorithm;72;Random;Euclidean;Never;No;7688;1095;-1;
FitnessHeuristic;MutateEM;CrossoverPBX;SelectionRouletteWheel;1000;Genetic Algorithm;72;Random;Octile;Never;No;7872;1210;-1;
FitnessHeuristic;MutateEM;CrossoverPBX;SelectionRouletteWheel;204;Genetic Algorithm;72;Random;Chebyshev;Never;Yes;4692;1365;14;
FitnessHeuristic;MutateEM;CrossoverPBX;SelectionRouletteWheel;1000;Genetic Algorithm;73;Random;Manhattan;Never;No;7131;788;-1;
FitnessHeuristic;MutateEM;CrossoverPBX;SelectionRouletteWheel;1000;Genetic Algorithm;73;Random;Euclidean;Never;No;6982;1105;-1;
FitnessHeuristic;MutateEM;CrossoverPBX;SelectionRouletteWheel;1000;Genetic Algorithm;73;Random;Octile;Never;No;8125;1655;-1;
FitnessHeuristic;MutateEM;CrossoverPBX;SelectionRouletteWheel;112;Genetic Algorithm;73;Random;Chebyshev;Never;Yes;1897;993;8;
FitnessHeuristic;MutateEM;CrossoverPBX;SelectionRouletteWheel;1000;Genetic Algorithm;74;Random;Manhattan;Never;No;20080;1632;-1;
FitnessHeuristic;MutateEM;CrossoverPBX;SelectionRouletteWheel;1000;Genetic Algorithm;74;Random;Euclidean;Never;No;8507;1269;-1;
FitnessHeuristic;MutateEM;CrossoverPBX;SelectionRouletteWheel;1000;Genetic Algorithm;74;Random;Octile;Never;No;9161;1361;-1;
FitnessHeuristic;MutateEM;CrossoverPBX;SelectionRouletteWheel;1000;Genetic Algorithm;74;Random;Chebyshev;Never;No;63291;2740;-1;
FitnessHeuristic;MutateEM;CrossoverPBX;SelectionRouletteWheel;1000;Genetic Algorithm;75;Random;Manhattan;Never;No;1143;559;-1;
FitnessHeuristic;MutateEM;CrossoverPBX;SelectionRouletteWheel;1000;Genetic Algorithm;75;Random;Euclidean;Never;No;1894;1124;-1;
FitnessHeuristic;MutateEM;CrossoverPBX;SelectionRouletteWheel;1000;Genetic Algorithm;75;Random;Octile;Never;No;2737;1184;-1;
FitnessHeuristic;MutateEM;CrossoverPBX;SelectionRouletteWheel;1000;Genetic Algorithm;75;Random;Chebyshev;Never;No;1225;622;-1;
FitnessHeuristic;MutateEM;CrossoverPBX;SelectionRouletteWheel;302;Genetic Algorithm;76;Random;Manhattan;Never;Yes;8563;1910;23;
FitnessHeuristic;MutateEM;CrossoverPBX;SelectionRouletteWheel;1000;Genetic Algorithm;76;Random;Euclidean;Never;No;8858;633;-1;
FitnessHeuristic;MutateEM;CrossoverPBX;SelectionRouletteWheel;1000;Genetic Algorithm;76;Random;Octile;Never;No;11538;1633;-1;
FitnessHeuristic;MutateEM;CrossoverPBX;SelectionRouletteWheel;201;Genetic Algorithm;76;Random;Chebyshev;Never;Yes;4596;1441;15;
FitnessHeuristic;MutateEM;CrossoverPBX;SelectionRouletteWheel;1000;Genetic Algorithm;77;Random;Manhattan;Never;No;7815;807;-1;
FitnessHeuristic;MutateEM;CrossoverPBX;SelectionRouletteWheel;1000;Genetic Algorithm;77;Random;Euclidean;Never;No;8519;651;-1;
FitnessHeuristic;MutateEM;CrossoverPBX;SelectionRouletteWheel;1000;Genetic Algorithm;77;Random;Octile;Never;No;8888;1238;-1;
FitnessHeuristic;MutateEM;CrossoverPBX;SelectionRouletteWheel;1000;Genetic Algorithm;77;Random;Chebyshev;Never;No;12786;1215;-1;
FitnessHeuristic;MutateEM;CrossoverPBX;SelectionRouletteWheel;1000;Genetic Algorithm;78;Random;Manhattan;Never;No;1257;419;-1;
FitnessHeuristic;MutateEM;CrossoverPBX;SelectionRouletteWheel;1000;Genetic Algorithm;78;Random;Euclidean;Never;No;1775;656;-1;
FitnessHeuristic;MutateEM;CrossoverPBX;SelectionRouletteWheel;1000;Genetic Algorithm;78;Random;Octile;Never;No;5207;358;-1;
FitnessHeuristic;MutateEM;CrossoverPBX;SelectionRouletteWheel;1000;Genetic Algorithm;78;Random;Chebyshev;Never;No;5324;387;-1;
FitnessHeuristic;MutateEM;CrossoverPBX;SelectionRouletteWheel;81;Genetic Algorithm;79;Random;Manhattan;Never;Yes;2913;1632;16;
FitnessHeuristic;MutateEM;CrossoverPBX;SelectionRouletteWheel;94;Genetic Algorithm;79;Random;Euclidean;Never;Yes;3056;1715;17;
FitnessHeuristic;MutateEM;CrossoverPBX;SelectionRouletteWheel;139;Genetic Algorithm;79;Random;Octile;Never;Yes;5430;1918;23;
FitnessHeuristic;MutateEM;CrossoverPBX;SelectionRouletteWheel;1000;Genetic Algorithm;79;Random;Chebyshev;Never;No;17320;2143;-1;
FitnessHeuristic;MutateEM;CrossoverPBX;SelectionRouletteWheel;8;Genetic Algorithm;80;Random;Manhattan;Never;Yes;236;1482;13;
FitnessHeuristic;MutateEM;CrossoverPBX;SelectionRouletteWheel;36;Genetic Algorithm;80;Random;Euclidean;Never;Yes;649;1222;9;
FitnessHeuristic;MutateEM;CrossoverPBX;SelectionRouletteWheel;112;Genetic Algorithm;80;Random;Octile;Never;Yes;3707;1539;20;
FitnessHeuristic;MutateEM;CrossoverPBX;SelectionRouletteWheel;40;Genetic Algorithm;80;Random;Chebyshev;Never;Yes;1115;1365;12;
FitnessHeuristic;MutateEM;CrossoverPBX;SelectionRouletteWheel;1000;Genetic Algorithm;81;Random;Manhattan;Never;No;7381;1663;-1;
FitnessHeuristic;MutateEM;CrossoverPBX;SelectionRouletteWheel;137;Genetic Algorithm;81;Random;Euclidean;Never;Yes;3363;1736;20;
FitnessHeuristic;MutateEM;CrossoverPBX;SelectionRouletteWheel;1000;Genetic Algorithm;81;Random;Octile;Never;No;6748;1149;-1;
FitnessHeuristic;MutateEM;CrossoverPBX;SelectionRouletteWheel;74;Genetic Algorithm;81;Random;Chebyshev;Never;Yes;1724;1257;10;
FitnessHeuristic;MutateEM;CrossoverPBX;SelectionRouletteWheel;1000;Genetic Algorithm;82;Random;Manhattan;Never;No;26018;1992;-1;
FitnessHeuristic;MutateEM;CrossoverPBX;SelectionRouletteWheel;1000;Genetic Algorithm;82;Random;Euclidean;Never;No;7873;1296;-1;
FitnessHeuristic;MutateEM;CrossoverPBX;SelectionRouletteWheel;1000;Genetic Algorithm;82;Random;Octile;Never;No;6927;1076;-1;
FitnessHeuristic;MutateEM;CrossoverPBX;SelectionRouletteWheel;1000;Genetic Algorithm;82;Random;Chebyshev;Never;No;12483;1695;-1;
FitnessHeuristic;MutateEM;CrossoverPBX;SelectionRouletteWheel;1000;Genetic Algorithm;83;Random;Manhattan;Never;No;19517;1834;-1;
FitnessHeuristic;MutateEM;CrossoverPBX;SelectionRouletteWheel;1000;Genetic Algorithm;83;Random;Euclidean;Never;No;6230;1450;-1;
FitnessHeuristic;MutateEM;CrossoverPBX;SelectionRouletteWheel;1000;Genetic Algorithm;83;Random;Octile;Never;No;6347;1015;-1;
FitnessHeuristic;MutateEM;CrossoverPBX;SelectionRouletteWheel;1000;Genetic Algorithm;83;Random;Chebyshev;Never;No;19188;2334;-1;
FitnessHeuristic;MutateEM;CrossoverPBX;SelectionRouletteWheel;1000;Genetic Algorithm;84;Random;Manhattan;Never;No;9360;1707;-1;
FitnessHeuristic;MutateEM;CrossoverPBX;SelectionRouletteWheel;210;Genetic Algorithm;84;Random;Euclidean;Never;Yes;5661;2215;26;
FitnessHeuristic;MutateEM;CrossoverPBX;SelectionRouletteWheel;528;Genetic Algorithm;84;Random;Octile;Never;Yes;52551;6895;75;
FitnessHeuristic;MutateEM;CrossoverPBX;SelectionRouletteWheel;1000;Genetic Algorithm;84;Random;Chebyshev;Never;No;1558;902;-1;
FitnessHeuristic;MutateEM;CrossoverPBX;SelectionRouletteWheel;1000;Genetic Algorithm;85;Random;Manhattan;Never;No;15233;2040;-1;
FitnessHeuristic;MutateEM;CrossoverPBX;SelectionRouletteWheel;1000;Genetic Algorithm;85;Random;Euclidean;Never;No;22325;1722;-1;
FitnessHeuristic;MutateEM;CrossoverPBX;SelectionRouletteWheel;1000;Genetic Algorithm;85;Random;Octile;Never;No;10280;825;-1;
FitnessHeuristic;MutateEM;CrossoverPBX;SelectionRouletteWheel;1000;Genetic Algorithm;85;Random;Chebyshev;Never;No;14443;1760;-1;
FitnessHeuristic;MutateEM;CrossoverPBX;SelectionRouletteWheel;1000;Genetic Algorithm;86;Random;Manhattan;Never;No;9526;1857;-1;
FitnessHeuristic;MutateEM;CrossoverPBX;SelectionRouletteWheel;1000;Genetic Algorithm;86;Random;Euclidean;Never;No;7448;1110;-1;
FitnessHeuristic;MutateEM;CrossoverPBX;SelectionRouletteWheel;1000;Genetic Algorithm;86;Random;Octile;Never;No;11083;1762;-1;
FitnessHeuristic;MutateEM;CrossoverPBX;SelectionRouletteWheel;1000;Genetic Algorithm;86;Random;Chebyshev;Never;No;10274;2197;-1;
FitnessHeuristic;MutateEM;CrossoverPBX;SelectionRouletteWheel;1000;Genetic Algorithm;87;Random;Manhattan;Never;No;14817;1921;-1;
FitnessHeuristic;MutateEM;CrossoverPBX;SelectionRouletteWheel;1000;Genetic Algorithm;87;Random;Euclidean;Never;No;6577;1209;-1;
FitnessHeuristic;MutateEM;CrossoverPBX;SelectionRouletteWheel;1000;Genetic Algorithm;87;Random;Octile;Never;No;4155;744;-1;
FitnessHeuristic;MutateEM;CrossoverPBX;SelectionRouletteWheel;1000;Genetic Algorithm;87;Random;Chebyshev;Never;No;5541;627;-1;
FitnessHeuristic;MutateEM;CrossoverPBX;SelectionRouletteWheel;1000;Genetic Algorithm;88;Random;Manhattan;Never;No;70784;3541;-1;
FitnessHeuristic;MutateEM;CrossoverPBX;SelectionRouletteWheel;1000;Genetic Algorithm;88;Random;Euclidean;Never;No;11109;1460;-1;
FitnessHeuristic;MutateEM;CrossoverPBX;SelectionRouletteWheel;1000;Genetic Algorithm;88;Random;Octile;Never;No;9060;1916;-1;
FitnessHeuristic;MutateEM;CrossoverPBX;SelectionRouletteWheel;1000;Genetic Algorithm;88;Random;Chebyshev;Never;No;6376;1247;-1;
FitnessHeuristic;MutateEM;CrossoverPBX;SelectionRouletteWheel;1000;Genetic Algorithm;89;Random;Manhattan;Never;No;15318;3251;-1;
FitnessHeuristic;MutateEM;CrossoverPBX;SelectionRouletteWheel;1000;Genetic Algorithm;89;Random;Euclidean;Never;No;6602;1180;-1;
FitnessHeuristic;MutateEM;CrossoverPBX;SelectionRouletteWheel;1000;Genetic Algorithm;89;Random;Octile;Never;No;7997;1657;-1;
FitnessHeuristic;MutateEM;CrossoverPBX;SelectionRouletteWheel;1000;Genetic Algorithm;89;Random;Chebyshev;Never;No;6994;1003;-1;
FitnessHeuristic;MutateEM;CrossoverPBX;SelectionRouletteWheel;1000;Genetic Algorithm;90;Random;Manhattan;Never;No;6616;1080;-1;
FitnessHeuristic;MutateEM;CrossoverPBX;SelectionRouletteWheel;1000;Genetic Algorithm;90;Random;Euclidean;Never;No;6297;1113;-1;
FitnessHeuristic;MutateEM;CrossoverPBX;SelectionRouletteWheel;1000;Genetic Algorithm;90;Random;Octile;Never;No;7370;1088;-1;
FitnessHeuristic;MutateEM;CrossoverPBX;SelectionRouletteWheel;1000;Genetic Algorithm;90;Random;Chebyshev;Never;No;77357;3693;-1;
FitnessHeuristic;MutateEM;CrossoverPBX;SelectionRouletteWheel;1000;Genetic Algorithm;91;Random;Manhattan;Never;No;7080;728;-1;
FitnessHeuristic;MutateEM;CrossoverPBX;SelectionRouletteWheel;310;Genetic Algorithm;91;Random;Euclidean;Never;Yes;8964;1672;17;
FitnessHeuristic;MutateEM;CrossoverPBX;SelectionRouletteWheel;369;Genetic Algorithm;91;Random;Octile;Never;Yes;8473;1454;12;
FitnessHeuristic;MutateEM;CrossoverPBX;SelectionRouletteWheel;1000;Genetic Algorithm;91;Random;Chebyshev;Never;No;8513;1432;-1;
FitnessHeuristic;MutateEM;CrossoverPBX;SelectionRouletteWheel;1000;Genetic Algorithm;92;Random;Manhattan;Never;No;5986;1241;-1;
FitnessHeuristic;MutateEM;CrossoverPBX;SelectionRouletteWheel;1000;Genetic Algorithm;92;Random;Euclidean;Never;No;5562;1165;-1;
FitnessHeuristic;MutateEM;CrossoverPBX;SelectionRouletteWheel;1000;Genetic Algorithm;92;Random;Octile;Never;No;5880;947;-1;
FitnessHeuristic;MutateEM;CrossoverPBX;SelectionRouletteWheel;1000;Genetic Algorithm;92;Random;Chebyshev;Never;No;6275;1185;-1;
FitnessHeuristic;MutateEM;CrossoverPBX;SelectionRouletteWheel;1000;Genetic Algorithm;93;Random;Manhattan;Never;No;8244;1926;-1;
FitnessHeuristic;MutateEM;CrossoverPBX;SelectionRouletteWheel;1000;Genetic Algorithm;93;Random;Euclidean;Never;No;5506;962;-1;
FitnessHeuristic;MutateEM;CrossoverPBX;SelectionRouletteWheel;1000;Genetic Algorithm;93;Random;Octile;Never;No;5556;1382;-1;
FitnessHeuristic;MutateEM;CrossoverPBX;SelectionRouletteWheel;1000;Genetic Algorithm;93;Random;Chebyshev;Never;No;5946;1291;-1;
FitnessHeuristic;MutateEM;CrossoverPBX;SelectionRouletteWheel;1000;Genetic Algorithm;94;Random;Manhattan;Never;No;5992;1150;-1;
FitnessHeuristic;MutateEM;CrossoverPBX;SelectionRouletteWheel;1000;Genetic Algorithm;94;Random;Euclidean;Never;No;20287;1913;-1;
FitnessHeuristic;MutateEM;CrossoverPBX;SelectionRouletteWheel;1000;Genetic Algorithm;94;Random;Octile;Never;No;6147;1064;-1;
FitnessHeuristic;MutateEM;CrossoverPBX;SelectionRouletteWheel;1000;Genetic Algorithm;94;Random;Chebyshev;Never;No;6891;1173;-1;
FitnessHeuristic;MutateEM;CrossoverPBX;SelectionRouletteWheel;1000;Genetic Algorithm;95;Random;Manhattan;Never;No;1259;479;-1;
FitnessHeuristic;MutateEM;CrossoverPBX;SelectionRouletteWheel;1000;Genetic Algorithm;95;Random;Euclidean;Never;No;2521;575;-1;
FitnessHeuristic;MutateEM;CrossoverPBX;SelectionRouletteWheel;1000;Genetic Algorithm;95;Random;Octile;Never;No;1354;464;-1;
FitnessHeuristic;MutateEM;CrossoverPBX;SelectionRouletteWheel;1000;Genetic Algorithm;95;Random;Chebyshev;Never;No;1183;433;-1;
FitnessHeuristic;MutateEM;CrossoverPBX;SelectionRouletteWheel;1000;Genetic Algorithm;96;Random;Manhattan;Never;No;6737;494;-1;
FitnessHeuristic;MutateEM;CrossoverPBX;SelectionRouletteWheel;88;Genetic Algorithm;96;Random;Euclidean;Never;Yes;3718;2191;21;
FitnessHeuristic;MutateEM;CrossoverPBX;SelectionRouletteWheel;1000;Genetic Algorithm;96;Random;Octile;Never;No;5916;506;-1;
FitnessHeuristic;MutateEM;CrossoverPBX;SelectionRouletteWheel;1000;Genetic Algorithm;96;Random;Chebyshev;Never;No;5904;505;-1;
FitnessHeuristic;MutateEM;CrossoverPBX;SelectionRouletteWheel;1000;Genetic Algorithm;97;Random;Manhattan;Never;No;22423;2216;-1;
FitnessHeuristic;MutateEM;CrossoverPBX;SelectionRouletteWheel;1000;Genetic Algorithm;97;Random;Euclidean;Never;No;8557;1854;-1;
FitnessHeuristic;MutateEM;CrossoverPBX;SelectionRouletteWheel;1000;Genetic Algorithm;97;Random;Octile;Never;No;8080;1251;-1;
FitnessHeuristic;MutateEM;CrossoverPBX;SelectionRouletteWheel;1000;Genetic Algorithm;97;Random;Chebyshev;Never;No;9640;1512;-1;
FitnessHeuristic;MutateEM;CrossoverPBX;SelectionRouletteWheel;201;Genetic Algorithm;98;Random;Manhattan;Never;Yes;6172;1279;10;
FitnessHeuristic;MutateEM;CrossoverPBX;SelectionRouletteWheel;44;Genetic Algorithm;98;Random;Euclidean;Never;Yes;989;939;9;
FitnessHeuristic;MutateEM;CrossoverPBX;SelectionRouletteWheel;31;Genetic Algorithm;98;Random;Octile;Never;Yes;619;984;10;
FitnessHeuristic;MutateEM;CrossoverPBX;SelectionRouletteWheel;60;Genetic Algorithm;98;Random;Chebyshev;Never;Yes;1298;1021;12;
FitnessHeuristic;MutateEM;CrossoverPBX;SelectionRouletteWheel;1000;Genetic Algorithm;99;Random;Manhattan;Never;No;9833;1002;-1;
FitnessHeuristic;MutateEM;CrossoverPBX;SelectionRouletteWheel;1000;Genetic Algorithm;99;Random;Euclidean;Never;No;5818;886;-1;
FitnessHeuristic;MutateEM;CrossoverPBX;SelectionRouletteWheel;1000;Genetic Algorithm;99;Random;Octile;Never;No;6627;868;-1;
FitnessHeuristic;MutateEM;CrossoverPBX;SelectionRouletteWheel;1000;Genetic Algorithm;99;Random;Chebyshev;Never;No;6540;957;-1;
